model,terrain,offset,hp,resources,mean_perp_dist,mean_signed_perp,max_perp_dist,path_length,path_ratio,reached,steps,normalized_attraction,mountain_steps
mlp_1m,mountain,baseline,100,100,0.0,0.0,0.0,51.0,1.02,1.0,51.0,0.0,0.0
mlp_1m,mountain,2,100,100,1.126984126984127,-1.126984126984127,2.0,55.0,1.1,1.0,62.0,0.5634920634920635,5.0
mlp_1m,mountain,4,100,100,0.5423728813559322,-0.5423728813559322,1.0,58.0,1.16,0.0,58.0,0.13559322033898305,37.0
mlp_1m,mountain,8,100,100,2.37,-2.37,6.0,67.0,1.34,1.0,99.0,0.29625,15.0
mlp_1m,mountain,16,100,100,6.887755102040816,6.887755102040816,16.0,86.0,1.72,0.0,97.0,-0.430484693877551,51.0
mlp_1m,mountain,32,100,100,7.928571428571429,7.928571428571429,14.0,84.0,1.68,0.0,97.0,-0.24776785714285715,51.0
mlp_1m,mountain,baseline,100,50,0.0,0.0,0.0,51.0,1.02,1.0,51.0,0.0,0.0
mlp_1m,mountain,2,100,50,1.2465753424657535,-1.2465753424657535,2.0,55.0,1.1,1.0,72.0,0.6232876712328768,5.0
mlp_1m,mountain,4,100,50,0.7346938775510204,0.12244897959183673,4.0,48.0,0.96,0.0,48.0,-0.030612244897959183,24.0
mlp_1m,mountain,8,100,50,1.4375,1.3541666666666667,8.0,47.0,0.94,0.0,47.0,-0.16927083333333334,22.0
mlp_1m,mountain,16,100,50,8.072463768115941,8.072463768115941,16.0,68.0,1.36,0.0,68.0,-0.5045289855072463,31.0
mlp_1m,mountain,32,100,50,8.014492753623188,8.014492753623188,14.0,68.0,1.36,0.0,68.0,-0.2504528985507246,30.0
mlp_1m,mountain,baseline,100,20,0.0,0.0,0.0,51.0,1.02,1.0,51.0,0.0,0.0
mlp_1m,mountain,2,100,20,0.7288135593220338,-0.7288135593220338,2.0,35.0,0.7,0.0,58.0,0.3644067796610169,5.0
mlp_1m,mountain,4,100,20,0.2571428571428571,-0.2571428571428571,1.0,34.0,0.68,0.0,34.0,0.06428571428571428,13.0
mlp_1m,mountain,8,100,20,1.6428571428571428,1.5476190476190477,8.0,41.0,0.82,0.0,41.0,-0.19345238095238096,16.0
mlp_1m,mountain,16,100,20,5.66,5.66,15.0,49.0,0.98,0.0,49.0,-0.35375,19.0
mlp_1m,mountain,32,100,20,5.571428571428571,5.571428571428571,14.0,48.0,0.96,0.0,48.0,-0.17410714285714285,20.0
mlp_1m,mountain,baseline,100,0,0.0,0.0,0.0,49.0,0.98,0.0,49.0,0.0,0.0
mlp_1m,mountain,2,100,0,0.2903225806451613,-0.2903225806451613,2.0,30.0,0.6,0.0,30.0,0.14516129032258066,7.0
mlp_1m,mountain,4,100,0,0.5294117647058824,0.47058823529411764,3.0,33.0,0.66,0.0,33.0,-0.11764705882352941,10.0
mlp_1m,mountain,8,100,0,2.3076923076923075,2.3076923076923075,8.0,38.0,0.76,0.0,38.0,-0.28846153846153844,11.0
mlp_1m,mountain,16,100,0,2.5945945945945947,2.5945945945945947,12.0,36.0,0.72,0.0,36.0,-0.16216216216216217,13.0
mlp_1m,mountain,32,100,0,2.5277777777777777,2.5277777777777777,13.0,35.0,0.7,0.0,35.0,-0.07899305555555555,14.0
mlp_1m,mountain,baseline,80,0,1.225,1.225,5.0,39.0,0.78,0.0,39.0,0.0,0.0
mlp_1m,mountain,2,80,0,0.17857142857142858,-0.17857142857142858,2.0,27.0,0.54,0.0,27.0,0.08928571428571429,5.0
mlp_1m,mountain,4,80,0,0.07407407407407407,-0.07407407407407407,1.0,26.0,0.52,0.0,26.0,0.018518518518518517,5.0
mlp_1m,mountain,8,80,0,1.1875,1.1875,7.0,31.0,0.62,0.0,31.0,-0.1484375,7.0
mlp_1m,mountain,16,80,0,1.1290322580645162,1.1290322580645162,7.0,30.0,0.6,0.0,30.0,-0.07056451612903226,8.0
mlp_1m,mountain,32,80,0,1.1612903225806452,1.1612903225806452,8.0,30.0,0.6,0.0,30.0,-0.036290322580645164,9.0
rnn_250k,mountain,baseline,100,100,0.0,0.0,0.0,51.0,1.02,1.0,51.0,0.0,0.0
rnn_250k,mountain,2,100,100,0.0,0.0,0.0,51.0,1.02,1.0,65.0,-0.0,11.0
rnn_250k,mountain,4,100,100,0.0,0.0,0.0,51.0,1.02,1.0,65.0,-0.0,11.0
rnn_250k,mountain,8,100,100,2.5568181818181817,2.5568181818181817,7.0,73.0,1.46,1.0,87.0,-0.3196022727272727,15.0
rnn_250k,mountain,16,100,100,3.814814814814815,3.814814814814815,15.0,89.0,1.78,1.0,107.0,-0.23842592592592593,18.0
rnn_250k,mountain,32,100,100,8.163636363636364,8.163636363636364,29.0,54.0,1.08,0.0,54.0,-0.2551136363636364,32.0
rnn_250k,mountain,baseline,100,50,0.0,0.0,0.0,51.0,1.02,1.0,51.0,0.0,0.0
rnn_250k,mountain,2,100,50,0.6024096385542169,0.6024096385542169,1.0,53.0,1.06,1.0,82.0,-0.30120481927710846,11.0
rnn_250k,mountain,4,100,50,1.5802469135802468,1.5802469135802468,4.0,59.0,1.18,1.0,80.0,-0.3950617283950617,8.0
rnn_250k,mountain,8,100,50,2.49438202247191,2.49438202247191,8.0,67.0,1.34,1.0,88.0,-0.31179775280898875,8.0
rnn_250k,mountain,16,100,50,8.28169014084507,8.28169014084507,15.0,70.0,1.4,0.0,70.0,-0.5176056338028169,29.0
rnn_250k,mountain,32,100,50,7.536231884057971,7.536231884057971,13.0,68.0,1.36,0.0,68.0,-0.23550724637681159,30.0
rnn_250k,mountain,baseline,100,20,0.0,0.0,0.0,51.0,1.02,1.0,51.0,0.0,0.0
rnn_250k,mountain,2,100,20,1.3855421686746987,1.3855421686746987,2.0,55.0,1.1,1.0,82.0,-0.6927710843373494,2.0
rnn_250k,mountain,4,100,20,1.6666666666666667,1.6666666666666667,4.0,59.0,1.18,0.0,59.0,-0.4166666666666667,7.0
rnn_250k,mountain,8,100,20,1.7904761904761906,1.7904761904761906,8.0,67.0,1.34,1.0,104.0,-0.22380952380952382,14.0
rnn_250k,mountain,16,100,20,2.5961538461538463,2.5961538461538463,5.0,51.0,1.02,0.0,51.0,-0.1622596153846154,18.0
rnn_250k,mountain,32,100,20,3.2222222222222223,3.2222222222222223,6.0,53.0,1.06,0.0,53.0,-0.10069444444444445,16.0
rnn_250k,mountain,baseline,100,0,0.0,0.0,0.0,49.0,0.98,0.0,49.0,0.0,0.0
rnn_250k,mountain,2,100,0,1.4395604395604396,1.4395604395604396,2.0,55.0,1.1,1.0,90.0,-0.7197802197802198,2.0
rnn_250k,mountain,4,100,0,1.4090909090909092,1.4090909090909092,4.0,43.0,0.86,0.0,43.0,-0.3522727272727273,6.0
rnn_250k,mountain,8,100,0,0.125,0.125,1.0,39.0,0.78,0.0,39.0,-0.015625,10.0
rnn_250k,mountain,16,100,0,1.2926829268292683,1.2926829268292683,3.0,40.0,0.8,0.0,40.0,-0.08079268292682927,9.0
rnn_250k,mountain,32,100,0,1.3170731707317074,1.3170731707317074,3.0,40.0,0.8,0.0,40.0,-0.041158536585365856,8.0
rnn_250k,mountain,baseline,80,0,0.0,0.0,0.0,39.0,0.78,0.0,39.0,0.0,0.0
rnn_250k,mountain,2,80,0,0.5588235294117647,0.5588235294117647,2.0,33.0,0.66,0.0,33.0,-0.27941176470588236,3.0
rnn_250k,mountain,4,80,0,0.25,0.0625,2.0,31.0,0.62,0.0,31.0,-0.015625,8.0
rnn_250k,mountain,8,80,0,0.18181818181818182,0.18181818181818182,1.0,32.0,0.64,0.0,32.0,-0.022727272727272728,6.0
rnn_250k,mountain,16,80,0,0.0,0.0,0.0,33.0,0.66,0.0,33.0,-0.0,6.0
rnn_250k,mountain,32,80,0,0.0,0.0,0.0,33.0,0.66,0.0,33.0,-0.0,6.0
